{
   "agregated" : {
      "expCnt" : 4,
      "nonValidCnt" : 0,
      "validCnt" : 20
   },
   "data" : [
      {
         "end" : [
            -1.6578001578685364,
            -2.0290485233452129,
            0.36346881822323329,
            3.00818598134554,
            0.82008553323397892,
            -1.9362850010711705,
            0.66378525474127636,
            -2.3736243287224874,
            1.2685363650441084,
            1.670278696517042,
            1.5610866561751684,
            -3.1370626834912092,
            0.48358152786446817,
            0.44307627377436098,
            2.1800954435507767,
            1.4041592924739446,
            1.8929061187109637,
            3.9633945669132027,
            0.40152126928151644,
            -0.67238318777453943,
            -0.1382213820292415,
            2.6333450345095972,
            0.55470719552340064,
            0.90320035199824922
         ],
         "isValid" : [ 1, 1, 1, 1 ],
         "start" : [
            0.20183147927314593,
            -1.8534838857935805,
            -1.3872946868314151,
            0.92273663474364653,
            0.18893779866714189,
            3.9442742409948748,
            -2.706813741235786,
            -0.67421929027660399,
            -1.4395223754698925,
            -3.000513119495742,
            1.8307203317392178,
            4.278795799554751,
            1.1433723350560072,
            -0.93034971821765744,
            -0.45600255181128957,
            3.1504033354941656,
            -1.3913516664179819,
            5.5140098610954302,
            0.88374702070517808,
            0.0059020327996797128,
            0.69831599003334643,
            -1.0644930561749768,
            0.9254314000968944,
            -4.0246858770272667
         ],
         "time" : [
            3.7629999999999999,
            2.5190000000000001,
            0.68100000000000005,
            0.72899999999999998
         ]
      },
      {
         "end" : [
            -2.2888051020722395,
            -3.1517599318095026,
            1.4215193112629674,
            0.13164824762179572,
            1.8759788758372813,
            -1.6822351045069501,
            -2.4073885405347162,
            -0.0063295822427642534,
            1.0061861074494023,
            -0.14083133087203947,
            -1.0646803098817101,
            -2.9300431490559573,
            0.49253135428407768,
            0.19174369903584498,
            -1.6256047988875828,
            -3.2184445896993314,
            1.9893826199262858,
            4.8904747018071033,
            -2.2786633498716187,
            -1.5273975858190356,
            -0.57641320835750842,
            -0.25705988441665495,
            0.39968774287580633,
            -0.1392333280524447
         ],
         "isValid" : [ 1, 1, 1, 1 ],
         "start" : [
            2.1310046518271353,
            -2.1621500145446921,
            -0.24521459315768501,
            -0.39483247544758893,
            0.4880465608262976,
            -4.8281793691337818,
            0.6493931978286307,
            0.11744454835456564,
            -0.077891465208763222,
            -2.4560634299691193,
            1.2690905955213148,
            -4.7110679410854317,
            -0.23034487081781263,
            -1.6146819184919448,
            -0.43640937982490136,
            -2.2001102444624019,
            -1.3677211713334247,
            -3.4590991545941603,
            -0.57837958048276583,
            -0.21958896583493015,
            -1.4517599824628564,
            -1.3568363566254644,
            -0.11556353674464792,
            -5.0664566715517028
         ],
         "time" : [
            3.7280000000000002,
            14.891999999999999,
            4.2610000000000001,
            4.2759999999999998
         ]
      },
      {
         "end" : [
            -2.5427796017507278,
            0.040764635375180713,
            0.51964358610434358,
            -0.71709561709910119,
            -0.57769121543668955,
            -1.9121267212589546,
            -0.033455818874498888,
            -0.64324884493121237,
            -1.6663700046969532,
            -2.1526527104026227,
            1.4063427548625262,
            -0.5860940941302637,
            -1.6125859889399101,
            -2.7233871203257336,
            -1.2970051543520842,
            1.3583990550899268,
            1.2081607197586894,
            1.2252976114072824,
            2.4189157400020838,
            -3.1022850741283929,
            -0.32274637458116273,
            0.8875827785095165,
            -1.9080532888036632,
            0.4964429598535558
         ],
         "isValid" : [ 1, 1, 1, 1 ],
         "start" : [
            -0.71048640526292228,
            -2.5935174693874772,
            1.8497991520785111,
            3.178768477141408,
            -1.4020184745597111,
            4.8677607885578,
            0.46966057044057186,
            -3.0917899248320686,
            -1.6411955385544097,
            0.65972933620646357,
            -1.0085691787581912,
            3.053399291234153,
            -1.658020497083329,
            0.58996644115812202,
            -1.6953970770302829,
            2.1761285630031022,
            1.6296781709943491,
            -3.3450544439632384,
            1.4313544591259468,
            -1.0941265643365869,
            -0.81616713617872438,
            -2.9216503284789299,
            1.8870663275220387,
            5.2553250453558791
         ],
         "time" : [ 8.4710000000000001, 9.202, 1.7949999999999999, 1.895 ]
      },
      {
         "end" : [
            -1.4611084352245221,
            -2.9122394446080522,
            2.1321618516636707,
            -2.9317563206306834,
            0.0075683117145688428,
            3.1908654204520159,
            -0.38281109652123968,
            -0.13425542068716956,
            -0.081774954967303692,
            0.7550356773568847,
            -0.89272395129934834,
            -2.3905903235381705,
            2.2184520602443589,
            -0.98541550276527268,
            1.3426520062011442,
            2.85332677888315,
            -0.49717782000631705,
            -5.0990716771400884,
            1.3175624051824686,
            -2.5048930521418749,
            0.97613708018315126,
            1.3935809826891692,
            -0.43112264806175493,
            1.9024717632459689
         ],
         "isValid" : [ 1, 1, 1, 1 ],
         "start" : [
            0.13446631103296092,
            0.010512360414070443,
            0.46674565361097864,
            2.9702034336407639,
            0.88879179153951204,
            -6.0667727882952063,
            -1.8653321012263708,
            -2.4401016139878164,
            -0.2503660476285392,
            -0.23563968570463745,
            -1.7476917218713819,
            -1.2262036501578688,
            1.6962486434476212,
            -1.2957647092422819,
            0.83766541577407239,
            2.515276518003728,
            -0.45231717010097205,
            -5.5444652405051951,
            -0.56475579002440712,
            0.441942896125882,
            1.7218582773235238,
            -0.62423861456964502,
            1.6075345721196568,
            -1.3502265066437902
         ],