{
   "agregated" : {
      "expCnt" : 4,
      "nonValidCnt" : 2,
      "validCnt" : 18
   },
   "data" : [
      {
         "end" : [
            1.3373002427154033,
            -2.271973952673044,
            1.1393059734763584,
            0.99400995105094925,
            -0.94557466925525557,
            3.9223344982559434,
            -1.9468479944505859,
            -1.0659721866516203,
            1.1470105129155779,
            0.56037503504317643,
            1.9214624069722546,
            -2.3609575404751268,
            2.6399657835039054,
            -2.7732168776072297,
            -0.94429844913353422,
            1.153656709046107,
            -1.1647204286510711,
            2.1559105055021979,
            0.97193776241138474,
            -0.99318466964246266,
            2.0204814691824793,
            0.28926184791300269,
            0.71385620238354486,
            0.86327742574807242
         ],
         "isValid" : [ 1, 1, 1, 1 ],
         "start" : [
            -1.3390139190901229,
            0.17774450754498083,
            -0.096003044689506156,
            -0.58054043320974236,
            0.5607056372445034,
            -1.7335981282619919,
            -1.9365865613985278,
            0.50649215630390421,
            1.4402486563107129,
            -2.6504036888460929,
            -0.26091452721395503,
            5.92710631582744,
            -0.9232477781540096,
            -2.5870494304254312,
            2.149502981686775,
            -2.556868300506097,
            0.90661775761081964,
            -0.46714469168141637,
            -1.0376105592424378,
            -3.2639026782202931,
            1.1698868472730295,
            0.27411108713635901,
            0.21777161417797508,
            5.9372761112535182
         ],
         "time" : [
            1.5649999999999999,
            0.95899999999999996,
            0.32000000000000001,
            0.36799999999999999
         ]
      },
      {
         "end" : [
            -0.50359936956900153,
            -2.1035584223434292,
            1.7592142943609659,
            3.1077156631361591,
            1.1045200067197087,
            -6.0059017509499943,
            -1.6417245085189607,
            -1.6620636326901475,
            -0.36505619394760491,
            -2.6714479267276938,
            -0.6417579638669515,
            -5.0029428305982435,
            -1.4905633432140684,
            0.031386415488142916,
            2.1417060001564239,
            -0.80965100055371986,
            -0.51205866294974611,
            0.97579132355394727,
            -2.9164172567573177,
            -0.43690553528652121,
            1.5791942560743917,
            -2.2143132876859903,
            1.1914074470945692,
            -5.9741492623020385
         ],
         "isValid" : [ 1, 1, 1, 1 ],
         "start" : [
            0.82837468563357142,
            -1.8781764458162964,
            2.062652034344524,
            2.8640729785860453,
            0.96972257503270543,
            -4.1233678722484353,
            -0.1817531657311382,
            -0.080503256847611393,
            -1.4883642668126571,
            0.39774327904419149,
            0.83978132698247965,
            1.6360365778645312,
            -1.0430226671116254,
            -2.5666001933377602,
            -1.3787086602030501,
            -2.6964871122926928,
            -1.0539148835111969,
            -1.863965810419371,
            -0.72005224086004871,
            -1.4727720304099405,
            -1.0516556996439317,
            2.8300870475103155,
            -1.9250621781066746,
            -0.89226467511766661
         ],
         "time" : [ 9.1530000000000005, 5.9390000000000001, 7.8899999999999997, 7.875 ]
      },
      {
         "end" : [
            0.27021600859965966,
            -2.2839913815408468,
            1.091062341344903,
            -2.0867149531945373,
            1.5903086638064887,
            -3.211983846897466,
            2.7358375759916456,
            -3.1124292429821137,
            -0.058688294720335765,
            -1.9332530281152065,
            -0.6623483573348512,
            -0.038363613750882486,
            1.5937447422836932,
            -1.2175988930457682,
            0.37551454243345583,
            3.2260607224325941,
            -0.73054165611935162,
            -1.5455198772761207,
            1.3299356577164847,
            -0.71380059320085065,
            0.48739499067641034,
            1.0235965834941672,
            1.7624949111763666,
            -0.63097269245206622
         ],
         "isValid" : [ 1, 1, 1, 1 ],
         "start" : [
            -1.5993914893932135,
            -0.87361451378883448,
            2.0184672181293073,
            -0.9241065865246938,
            1.5949562704452971,
            -2.6314860402832752,
            2.1426766808478606,
            -0.25683197928308221,
            1.3929558266739783,
            -2.7946169546431472,
            -0.52934109646420291,
            -2.1942525716902095,
            -2.6238426608328256,
            -3.2653679542911975,
            -0.064546260152660739,
            -1.8629316904348072,
            -1.6270836254391254,
            -3.1352971544149653,
            -0.19858805662999313,
            -0.39741896253130804,
            -1.0667475893870826,
            -1.6917878034219829,
            -1.6412838135949377,
            -4.5051529731245887
         ],
         "time" : [ 9.2970000000000006, 8.4749999999999996, 37.191000000000003, 37.122 ]
      },
      {
         "end" : [
            -1.7245035181634143,
            -0.99552437436997776,
            1.4649321594139662,
            1.4610465919793985,
            -1.5456199048165766,
            0.75645301186782543,
            0.40767640924108006,
            -3.0301341108517033,
            -1.5690555686654073,
            -2.9341910988285225,
            0.18601802693307068,
            -2.2638060679336056,
            -0.33631637757601984,
            -1.3988971209189367,
            1.770411613228152,
            1.0928283101631022,
            -1.3477845052090007,
            -0.044109095738910753,
            -2.5757024303496081,
            -1.7928065434133953,
            -0.046546759220931211,
            -2.0727504759784372,
            -0.84370990356847408,
            -3.0570303983478708
         ],
         "isValid" : [ 1, 1, 1, 1 ],
         "start" : [
            2.6034040198066757,
            -1.0720162308031926,
            0.20302854018193761,
            -0.16350726233338486,
            -1.2329789404192724,
            -1.2498957630257364,
            2.5103375662617742,
            -1.3162090512025666,
            -1.006194322999403,
            1.3612681470737282,
            0.81296582727725175,
            -1.2617769099858203,
            -1.8208067320593757,
            0.49308297186211769,
            -1.5496907058313678,
            2.758580917795574,
            1.3599278638044385,
            -6.0317216138262477,
            0.24238935540231399,
            0.61183439426386022,
            2.0509766235821334,
            -1.9103136708739681,
            0.055738837020669063,
            5.0755048729507211
         ],