{
   "agregated" : {
      "expCnt" : 5,
      "nonValidCnt" : 0,
      "validCnt" : 15
   },
   "data" : [
      {
         "end" : [
            0.96374065065017023,
            -0.18208449757862777,
            0.82687508795613684,
            1.6465305501714083,
            0.70704642633496828,
            2.5540274927644839
         ],
         "isValid" : [ 1, 1, 1, 1, 1 ],
         "start" : [
            1.5266013031931509,
            -0.82256472765543043,
            -0.55399408898030744,
            0.32079668722305765,
            -0.11753605346380325,
            0.78369011555655543
         ],
         "time" : [
            0.0040000000000000001,
            0.0030000000000000001,
            0.047,
            0.037999999999999999,
            0.049000000000000002
         ]
      },
      {
         "end" : [
            -0.39839872675764321,
            -2.458635293952121,
            1.4529526549744913,
            1.6314785188065901,
            1.0838194262674143,
            -3.563222320479789
         ],
         "isValid" : [ 1, 1, 1, 1, 1 ],
         "start" : [
            -1.8984645115522316,
            -2.3185792286187246,
            0.99839977411022884,
            -2.3933502501681758,
            -1.6097629863579608,
            0.99935429327272196
         ],
         "time" : [
            0.11799999999999999,
            0.023,
            0.72999999999999998,
            0.16200000000000001,
            0.17599999999999999
         ]
      },
      {
         "end" : [
            -0.83864463514528431,
            -0.22955040682192118,
            1.283784034212724,
            -1.0904713048325285,
            0.73624673596638823,
            4.6109096519289841
         ],
         "isValid" : [ 1, 1, 1, 1, 1 ],
         "start" : [
            -2.2461309796705988,
            -0.026094687557264962,
            -1.4416249838541089,
            1.7018188493891921,
            1.8075882196606572,
            -3.0395660403267009
         ],
         "time" : [
            0.0060000000000000001,
            0.0089999999999999993,
            0.13800000000000001,
            0.042000000000000003,
            0.052999999999999999
         ]
      }
   ],
   "scene" : "../../../config/murdf/demo_scene2.json"
}
