{
   "agregated" : {
      "expCnt" : 5,
      "nonValidCnt" : 0,
      "validCnt" : 15
   },
   "data" : [
      {
         "end" : [
            2.4062754790491496,
            0.1650312639175775,
            2.0148810028986666,
            -2.6592628132066709,
            1.1016135709462032,
            5.0039528381175389
         ],
         "isValid" : [ 1, 1, 1, 1, 1 ],
         "start" : [
            -0.98458908757731756,
            -0.72982748855322654,
            2.178078612885249,
            -1.8383976390863854,
            -0.77804150178809484,
            -0.28757460754458375
         ],
         "time" : [
            0.016,
            0.012999999999999999,
            0.192,
            0.057000000000000002,
            0.069000000000000006
         ]
      },
      {
         "end" : [
            -0.85559508406695706,
            0.52890813257647062,
            -1.1184754837394479,
            1.9496105538736899,
            -0.45203537698251672,
            5.6709386650483564
         ],
         "isValid" : [ 1, 1, 1, 1, 1 ],
         "start" : [
            -2.4971492675377474,
            -0.21534626171427229,
            -0.06597645332132851,
            0.67989097849354074,
            -1.2847766733994017,
            -3.7747736017992355
         ],
         "time" : [
            0.10199999999999999,
            0.128,
            0.89400000000000002,
            0.14699999999999999,
            0.159
         ]
      },
      {
         "end" : [
            1.5188972756556041,
            -0.79126522012021905,
            0.46746017931588213,
            0.92279032667981209,
            1.3861068049719378,
            4.2281703424765462
         ],
         "isValid" : [ 1, 1, 1, 1, 1 ],
         "start" : [
            1.3894131999076311,
            -0.012472375037041683,
            -1.338426097622337,
            2.493353290051628,
            -0.91520510192474824,
            4.9022430846104408
         ],
         "time" : [
            0.034000000000000002,
            0.0080000000000000002,
            0.29999999999999999,
            0.071999999999999995,
            0.084000000000000005
         ]
      }
   ],
   "scene" : "../../../config/murdf/demo_scene2.json"
}
