{
   "agregated" : {
      "expCnt" : 5,
      "nonValidCnt" : 0,
      "validCnt" : 15
   },
   "data" : [
      {
         "end" : [
            -0.13999638651381074,
            0.0031729162002722688,
            0.33127280202453768,
            3.192236718177285,
            0.81185753424796836,
            -5.9459009108646521
         ],
         "isValid" : [ 1, 1, 1, 1, 1 ],
         "start" : [
            -0.82188818023193067,
            -0.50344818377640754,
            0.65326908980018317,
            -2.7149197298940133,
            1.0415389014468452,
            1.5095323068828508
         ],
         "time" : [
            0.0080000000000000002,
            0.0070000000000000001,
            0.152,
            0.043999999999999997,
            0.055
         ]
      },
      {
         "end" : [
            -1.3802810129304328,
            -0.39672421732743723,
            1.0695079618648045,
            0.59986333859112051,
            1.453824606639766,
            -5.3293406706545952
         ],
         "isValid" : [ 1, 1, 1, 1, 1 ],
         "start" : [
            1.4866468439291545,
            0.032276562794144592,
            0.76924816074274016,
            -1.5880959004872484,
            1.3014947931190579,
            -2.5865239938684814
         ],
         "time" : [
            0.0030000000000000001,
            0.0030000000000000001,
            0.072999999999999995,
            0.039,
            0.050999999999999997
         ]
      },
      {
         "end" : [
            1.0172861995991442,
            -3.2124537720868251,
            -0.018737014930938489,
            -1.458258613761271,
            0.053069877702749846,
            2.7436860974803503
         ],
         "isValid" : [ 1, 1, 1, 1, 1 ],
         "start" : [
            -2.8703351992447836,
            -2.7535698455155715,
            -0.34000615260312417,
            1.6431048392530734,
            -1.6408309858557237,
            -3.4599738917761864
         ],
         "time" : [
            0.153,
            0.085999999999999993,
            0.52900000000000003,
            0.19900000000000001,
            0.20999999999999999
         ]
      }
   ],
   "scene" : "../../../config/murdf/demo_scene2.json"
}
