{
   "agregated" : {
      "expCnt" : 4,
      "nonValidCnt" : 4,
      "validCnt" : 16
   },
   "data" : [
      {
         "end" : [
            2.6890464555122087,
            -0.95984942702815834,
            -0.26059786469685831,
            1.1724049167519714,
            -0.58099455256922616,
            -5.1543249818106149,
            0.97748549531507578,
            0.048105817617040358,
            -0.30823351584313397,
            -2.5624070229152682,
            1.8585629520298346,
            -4.3745184482242552,
            0.32391818358682922,
            -0.34966665682222153,
            1.6283539736045385,
            3.0911591659780555,
            1.1617931258150924,
            5.8245687945585312,
            1.0641029191967668,
            -1.7553264438384513,
            -0.076013227020984786,
            0.057085183835070552,
            1.4174178010025726,
            -1.6583651666429944
         ],
         "isValid" : [ 1, 1, 1, 1 ],
         "start" : [
            2.3419497308075661,
            -3.1346911134632571,
            -0.6413569054376369,
            2.1695594786565779,
            -0.78518517229235751,
            -3.8369734197443583,
            -0.3656873451064655,
            -0.77983911996678845,
            -0.37439943998693503,
            3.2236580661760659,
            -0.0081255371839787927,
            -1.1947599387970058,
            0.75281295000029402,
            -1.9542100854755158,
            -0.43711582349213729,
            1.0080501683284417,
            1.8931387480315491,
            0.59231863462104783,
            -2.7829112373428657,
            -0.857658898596108,
            1.2550200464494412,
            2.4916334490776073,
            1.7770842082146183,
            -2.5093332448657311
         ],
         "time" : [
            0.50900000000000001,
            0.54200000000000004,
            0.65000000000000002,
            0.69599999999999995
         ]
      },
      {
         "end" : [
            2.0220623320334417,
            0.52023911408494872,
            1.6126515501815466,
            3.1716520147071643,
            -0.23286258871357779,
            -5.1356712552101742,
            0.38597392228614291,
            -2.1709709596078364,
            -0.83323184391432892,
            0.68178054071523109,
            -1.7090006302313068,
            -2.2408520110073686,
            1.429761074289746,
            -1.2521537424194515,
            2.1035509896898383,
            -1.2393788757036279,
            1.2063358777855342,
            -2.1893637183977064,
            1.0899508992755651,
            0.52573842013372163,
            0.37417863297482734,
            2.5973784288081525,
            -1.7294926668451063,
            1.8793528070168035
         ],
         "isValid" : [ 1, 1, 1, 1 ],
         "start" : [
            1.6963890683167842,
            -2.7781995901482728,
            -1.6228079315790156,
            0.73046621729671024,
            1.3667195679392177,
            -2.5858534109554077,
            2.4544885249860906,
            -2.4969384052018713,
            -0.79385275354945728,
            -1.9401574713026706,
            -0.59422715310036311,
            2.5178301870701363,
            -0.86704956479574991,
            -1.2187712483609268,
            -1.1135067869530189,
            -0.63603437960974496,
            -0.31908912564449188,
            -4.9745309793828056,
            -2.135442788410868,
            0.12356406303234513,
            0.22399964687694407,
            -1.0057474533487802,
            -1.3478271502442249,
            4.3630068668573481
         ],
         "time" : [ 7.3769999999999998, 6.8769999999999998, 1.0129999999999999, 1.05 ]
      },
      {
         "end" : [
            -0.62157710316222037,
            -0.33898064912569836,
            -1.5812266889538233,
            2.6328973691584379,
            0.53648451339601078,
            -3.7428398633016333,
            0.36518815677527705,
            -3.1323930889405607,
            -0.61131955147808181,
            -2.3913165842627571,
            -1.4874477777421953,
            -2.4613550402919238,
            -1.4398862025379697,
            0.45849373627171142,
            -1.4684316627030496,
            -1.1600371514133809,
            -0.14554309598578041,
            5.528301592938667,
            1.9450970468208926,
            -2.9476000858092859,
            -0.45613164907242831,
            0.73877501058825645,
            1.9949402942042354,
            -2.0370680358564517
         ],
         "isValid" : [ 0, 0, 1, 1 ],
         "start" : [
            -0.49419348701118171,
            -2.8475995071132454,
            0.64247408278974882,
            -2.5824302629978093,
            2.0552661428245256,
            -4.5490108057907559,
            1.6342500937973101,
            0.09392418894341148,
            -1.7908713320072946,
            0.29032133971793472,
            1.3511018239365828,
            0.090623772775085598,
            0.73937252593706937,
            -1.7263958971998161,
            1.6948392021657588,
            2.4953007601766917,
            2.0657899868162422,
            4.6257903675580936,
            -1.7624946350415585,
            -0.30515589568268764,
            -0.2549967030392799,
            -2.7480459194057345,
            -1.9176784700650318,
            -4.0336843440910695
         ],
         "time" : [
            0.59999999999999998,
            0.59499999999999997,
            8.4019999999999992,
            8.4359999999999999
         ]
      },
      {
         "end" : [
            -0.92302564832732337,
            -0.11438836761237781,
            0.86718598140994274,
            2.6989826912330308,
            1.5157864247655364,
            -0.72779028159561499,
            2.7100727101482507,
            0.35724383435628315,
            -1.6423750965865733,
            -2.6780756677478017,
            -0.96573730939860569,
            -1.6903249840919381,
            -1.8387163189259992,
            0.68920546752549905,
            -1.5043875042870825,
            -0.16631143684208594,
            1.051473583493749,
            3.1544251208288552,
            -2.8955577031146631,
            -0.71142733498214428,
            0.018476360758925559,
            -1.9450095413578956,
            -0.60939893142452184,
            -2.8064767823118912
         ],
         "isValid" : [ 1, 1, 1, 1 ],
         "start" : [
            -2.7668215145575261,
            -0.6361623506475893,
            -1.4749271625055886,
            -0.8147300321817279,
            -0.97260074918084571,
            -4.8276143308771822,
            1.2289558684727622,
            -0.19553622359958034,
            -0.72584939844220808,
            1.7724738559151163,
            0.56846725601886972,
            0.46185384478032621,
            2.2789125184905581,
            -0.52534690379867532,
            -1.1947556529498073,
            1.4172134575693027,
            1.3892901243110631,
            2.9740386699377348,
            -1.8813438384424728,
            -2.591974602778115,
            2.0562091945243055,
            1.23509711294437,
            1.3794581527622523,
            -4.7703200922535647
         ],