{
   "agregated" : {
      "expCnt" : 4,
      "nonValidCnt" : 0,
      "validCnt" : 20
   },
   "data" : [
      {
         "end" : [
            -1.7479487595933159,
            -3.1910758321190023,
            -1.5821458631579186,
            0.20366000171192722,
            -1.3220960277846787,
            4.6329397209136483,
            2.254633335493903,
            -1.5591677437136051,
            1.9601847418788876,
            0.58727628882973404,
            1.045426857676139,
            -0.33951163561802833,
            -2.4747711340813856,
            -3.041587012925778,
            2.0409930796226567,
            0.65253208778145666,
            1.6902452801514745,
            2.3938830130208837,
            -2.2744087814031859,
            0.18837689039108518,
            -0.85064787466454295,
            -3.0780269333187227,
            1.3770580621698234,
            5.9988177030661776
         ],
         "isValid" : [ 1, 1, 1, 1 ],
         "start" : [
            1.192325854276822,
            -0.6728080974371462,
            1.3274338612567282,
            -2.0461357726421228,
            1.0408121666925201,
            2.1052073520368948,
            2.9571443263674171,
            0.3746077202094189,
            0.15955956639549695,
            3.0382186372582511,
            0.8184159341693209,
            -3.1535700225080912,
            0.55791484294623839,
            0.37768910262822697,
            -0.45254324453599692,
            0.59527401170198191,
            -0.0521161780463677,
            1.561241934920508,
            1.3789167352280653,
            0.19684592679004576,
            1.0267960639282938,
            0.24688145701660513,
            1.8920517219289934,
            -1.1194778572683486
         ],
         "time" : [ 4.5899999999999999, 1.659, 0.41599999999999998, 0.45700000000000002 ]
      },
      {
         "end" : [
            -0.75217852073190672,
            -1.0970491788469419,
            -0.60736935294401695,
            0.88026780777048153,
            -0.66639610517236925,
            -2.584199826801838,
            -2.9494837736708037,
            0.36902684716677703,
            -1.7035373533729632,
            -2.1783411428892547,
            1.7496638835891005,
            2.2044571106057829,
            0.52292832032333525,
            -2.3695854303561261,
            1.7045600159714938,
            2.9214567518333547,
            -1.4649808310753785,
            -5.213742857204875,
            0.49276984278732394,
            -2.4492854726796391,
            0.45045017506421248,
            0.63793006430592625,
            -0.83995396301081815,
            -4.3836903084553729
         ],
         "isValid" : [ 1, 1, 1, 1 ],
         "start" : [
            -2.9223219984339095,
            -1.7005720948202396,
            0.42645815163338918,
            -1.5128315216817356,
            -0.34663077493684158,
            -1.8074173251241987,
            -1.4435177817584472,
            -1.4540001240960387,
            1.4813937246199145,
            -0.89587768196330719,
            -1.5215405279703138,
            -4.5496302263981114,
            0.99031744292921298,
            -2.1249966069476729,
            1.3659568926808601,
            -3.2095563264498463,
            0.21112938710418261,
            4.1614844499468289,
            0.13924810969909096,
            -0.48768739006984507,
            1.9656674297919507,
            -0.17881786901082863,
            0.71424742567014565,
            -0.78186007748614639
         ],
         "time" : [ 3.6779999999999999, 4.8200000000000003, 0.5, 0.54200000000000004 ]
      },
      {
         "end" : [
            2.820909911819049,
            -0.89374227298276487,
            -0.73725121103184432,
            -1.9378603525533757,
            0.20012302203879573,
            -2.6913171623763823,
            0.44340675149199882,
            -0.94464427707300036,
            2.0518417941623421,
            -2.1899834070291315,
            -1.5209173834154441,
            -5.6134147222931174,
            -2.6911165852385466,
            0.11607109173317109,
            -0.069663816274016188,
            -1.2862319146420551,
            -0.28290174795577605,
            -5.8754130895386307,
            2.0022113985690435,
            -1.9882629465069477,
            -0.034410136200708319,
            -3.0383655465749353,
            -1.8778056976261412,
            5.5547518905692632
         ],
         "isValid" : [ 1, 1, 1, 1 ],
         "start" : [
            -2.786547616398003,
            -0.93306392597415577,
            0.7291626693303157,
            0.37914841887597639,
            -1.3412322827027585,
            4.7113304544038739,
            1.1862453673588043,
            -1.7584283368983056,
            -0.86930118844202364,
            0.61769355401914616,
            0.41372700029790499,
            0.44695896891782194,
            2.321941157177557,
            -1.6404550124703874,
            -1.1690671530609471,
            1.4720897196666574,
            0.11319538847929334,
            -0.19654805890615279,
            2.406520096529527,
            0.51461043190117017,
            1.6566617109382769,
            3.1100667955823118,
            -0.32641716087840611,
            -3.2234967538306178
         ],
         "time" : [ 8.5410000000000004, 12.759, 1.024, 1.0129999999999999 ]
      },
      {
         "end" : [
            -2.9220440833095203,
            -2.6855249028669927,
            -1.5350590570659182,
            -2.2284769016927211,
            -0.90158631834718928,
            2.6337282441186849,
            -1.1030314628506508,
            -2.3919620698968753,
            1.2086766532344493,
            -2.6391106132427273,
            -1.2442693300407166,
            -5.4085752835100758,
            -0.045268941480558933,
            -2.5334212166354693,
            1.7581283381239232,
            3.1436202863011591,
            0.90780972759962797,
            1.6329936978829949,
            -2.4613715680235027,
            -0.73568197114092282,
            1.4325497651009824,
            -1.8806785608220742,
            1.2666419516554646,
            2.8471279564513177
         ],
         "isValid" : [ 1, 1, 1, 1 ],
         "start" : [
            -0.41310852609286508,
            -3.1747743092337068,
            1.5532198319519979,
            2.3120144395448321,
            -1.8264725230370962,
            3.7742627410848746,
            1.8555168400243378,
            -0.94801811422684379,
            1.5963487859122303,
            1.3001165290499399,
            1.5476664061758116,
            2.504853177997675,
            -2.8955975635723292,
            -1.6847988808977608,
            0.88858661599362643,
            2.6693848362579864,
            -1.2242594516969212,
            2.8513370218256702,
            -0.81617770336607398,
            -2.0961892139215985,
            -0.060397005270363735,
            -0.71194945476356253,
            -1.0561121258925772,
            -2.7858208476357094
         ],