{
   "agregated" : {
      "expCnt" : 4,
      "nonValidCnt" : 0,
      "validCnt" : 20
   },
   "data" : [
      {
         "end" : [
            1.479093987695423,
            -1.4360633631847171,
            1.0624636708433788,
            -1.5390576523713204,
            1.9838142214840553,
            -0.02245221632037353,
            1.7880077016139717,
            -1.1448703047374993,
            -0.59991806190077557,
            -1.195899199925218,
            0.34789002550013581,
            0.35762314304429399,
            1.0115078894913605,
            0.099615980645030078,
            -0.46718279140153829,
            0.40152127281448458,
            1.8508127362137046,
            2.1173516608757295,
            2.81669947032798,
            -1.9366294522437488,
            0.44714276658014418,
            2.8856484734425241,
            -0.22846315343627621,
            -0.89019799787163834
         ],
         "isValid" : [ 1, 1, 1, 1 ],
         "start" : [
            0.53109384491702238,
            -1.1174002459979548,
            2.044971618002378,
            0.17424505415873837,
            0.086976183907087723,
            -2.6213720381110792,
            0.11150061094263597,
            -1.0204774762586313,
            1.3480669019014933,
            -2.9367699235750133,
            0.006951038337306148,
            0.34744019436003448,
            -0.037964267371252358,
            0.38069035431371878,
            1.0591812038460806,
            0.75004664249535802,
            -1.4879648314830938,
            -0.52495774441686027,
            -0.30203524550766447,
            -2.7608183755823879,
            0.37398382962227128,
            0.098281970505290861,
            1.4359978876533233,
            0.48427037606093393
         ],
         "time" : [ 2.1680000000000001, 0.79800000000000004, 0.224, 0.26900000000000002 ]
      },
      {
         "end" : [
            1.7835573291822975,
            -1.0524694619215502,
            -1.2438418021787041,
            -2.5446845010918282,
            0.91864207564207589,
            2.9864053666927814,
            -1.1097576587866702,
            -0.4467202847952052,
            -1.4972723658946563,
            -0.99319836533492412,
            0.76072772086655371,
            4.0106317401327365,
            -0.4863945294103651,
            0.069190941874769152,
            1.550722574281298,
            -3.2129098757668282,
            1.0902072987129174,
            6.0601199476794738,
            -0.80470319431165382,
            0.35563405748639632,
            -1.4425456766647824,
            -2.3076350630112894,
            1.8767103445942821,
            5.3314705540850467
         ],
         "isValid" : [ 1, 1, 1, 1 ],
         "start" : [
            -0.47055753988801374,
            -2.9756269571718543,
            1.8569278928790478,
            1.9107158025764344,
            -0.52259962308216124,
            4.0261889724328261,
            -1.0928666869180865,
            -2.8055232572670978,
            -0.70740697358267934,
            3.0427243514739049,
            -0.47684108091661992,
            -2.9134564239816987,
            -0.18194803846566376,
            -2.5472041267684133,
            1.7154956163416104,
            1.8054630294996787,
            0.0095634353933475857,
            -1.5398598573315141,
            -1.1342829597301514,
            -2.6076313707303971,
            -1.0984144059619494,
            0.94704088280101661,
            0.98401512988101203,
            -4.2930628178367662
         ],
         "time" : [ 5.7489999999999997, 1.2689999999999999, 0.315, 0.38 ]
      },
      {
         "end" : [
            0.90504761200511252,
            -2.0418866280545034,
            0.65552058892330267,
            -0.96451588043842795,
            -0.20303754287249531,
            -4.3728767429647526,
            1.8338489384065326,
            -0.90274951173504592,
            -1.7202027819786903,
            -2.1785339016011065,
            1.5105222820601414,
            -4.2034949609792847,
            -0.21190812283574045,
            -3.0323069725250029,
            -0.085379830889412922,
            -2.9118332744221873,
            -1.3666336341848453,
            -4.1856341164230209,
            -1.6680294345153353,
            -1.2710814085163151,
            -0.12587269244194799,
            1.7713399261271086,
            0.40087561864474797,
            -1.8645966775472544
         ],
         "isValid" : [ 1, 1, 1, 1 ],
         "start" : [
            -2.1547896977866485,
            0.52127907368008453,
            -0.39100846705085512,
            -1.4710620039854696,
            -1.7665827956323641,
            -2.4233828469098673,
            -1.7292750677870843,
            -2.2451399931047833,
            0.72266310719910143,
            -2.5537575030927195,
            1.0067458972309113,
            -4.0339561022384647,
            -1.0392674085591396,
            -2.2856137505195342,
            0.58097633059290876,
            -2.6018405369321611,
            1.8377413531482114,
            -5.5355452037256834,
            0.52597560464516091,
            -1.7959106309724173,
            2.006970803303584,
            1.8066800938307965,
            1.7866160748126223,
            -6.0827116926475595
         ],
         "time" : [ 2.9209999999999998, 4.1269999999999998, 1.542, 1.5940000000000001 ]
      },
      {
         "end" : [
            -1.1574086487825532,
            -1.1626344431738205,
            1.4114460259543389,
            1.5377642134787513,
            0.18127453479631761,
            -4.8133608982268861,
            -2.7829493596911474,
            -1.3192482625668729,
            -1.3207363296246153,
            0.46067193326047517,
            -1.5410309124259725,
            4.7245369059081819,
            1.9251903170056321,
            -1.6018786163621437,
            -1.419511887255406,
            -0.57084037976080149,
            1.0373229824067502,
            4.2242114450182777,
            -0.76414222882431115,
            -0.96389412773435579,
            -1.6011884987615823,
            2.5770780715771746,
            0.27968415927466417,
            0.089302968329139532
         ],
         "isValid" : [ 1, 1, 1, 1 ],
         "start" : [
            2.6322941638310047,
            -3.0922426620428678,
            0.5083413779556234,
            0.9379420256745501,
            0.94709464691768375,
            -3.0165669596611724,
            -1.2708047923570802,
            -2.2768299897073003,
            0.7340964000320449,
            -1.0998212465624091,
            0.86144626688704395,
            5.6153865049256266,
            1.933688094057473,
            -2.2635519824559718,
            0.44826978351646973,
            3.1853841085324515,
            -0.39825701296467897,
            2.4492343982152152,
            0.63027729396688592,
            -0.25541850599801386,
            1.8792519097996787,
            -0.091048417249966818,
            -0.1469916715460533,
            1.4557938115273101
         ],