{
   "agregated" : {
      "expCnt" : 4,
      "nonValidCnt" : 2,
      "validCnt" : 18
   },
   "data" : [
      {
         "end" : [
            -1.1811701598014823,
            -3.1131435304971102,
            1.4525697238575273,
            0.59728227354821684,
            -0.080077630191530247,
            4.7963485127819139,
            0.043676642617311412,
            -0.65102150123397262,
            -0.73122225319057876,
            -0.08067900232543046,
            1.5281126578648143,
            -2.8977322841173749,
            2.5464991724133865,
            -1.4754762912981483,
            -0.68878473403995288,
            1.3358604252311217,
            1.8860689665900563,
            -5.9186091233015121,
            2.1640411317787605,
            -3.0674814078934638,
            1.2146344115315491,
            -0.93333752791910252,
            1.0239940672550532,
            0.44480818364024266
         ],
         "isValid" : [ 1, 1, 1, 1 ],
         "start" : [
            1.0740621229360823,
            -1.084710023795675,
            0.79975553577553748,
            -0.95888407596865433,
            -0.42022102402465689,
            -6.0361945237744115,
            0.81452383287594854,
            -1.6788104842028899,
            0.15612372910636108,
            2.3884794638648019,
            1.2102882375172306,
            5.5468148208954959,
            -0.34449508306281418,
            -2.0503248860774095,
            -0.38290777766370354,
            -0.67032297022012166,
            -0.74220744805677441,
            -0.49218917226356318,
            2.2231410013146888,
            -1.0660481231985379,
            1.0157014248485798,
            -2.9449238687813808,
            0.80144709566026551,
            -3.019679986560257
         ],
         "time" : [ 0.755, 0.67100000000000004, 0.18099999999999999, 0.24299999999999999 ]
      },
      {
         "end" : [
            -0.4713800110381472,
            -2.4987179320256541,
            -0.62353201958785198,
            -0.12885420406425308,
            -0.69951642844304063,
            5.8471011678127871,
            -1.3280918828871808,
            -2.299033823420638,
            -0.2638662335518458,
            1.5378104116985947,
            -0.44822185792260671,
            3.6820334487330966,
            0.43160641462858118,
            -0.36993556490387247,
            -0.85030129589352721,
            0.93420495264731684,
            -0.90241222918969899,
            -0.76236530470495367,
            -1.1310414686266805,
            0.11357749894522096,
            2.1243729274964358,
            -0.23762754732152835,
            -0.17298877785677735,
            2.9622577255452702
         ],
         "isValid" : [ 1, 1, 1, 1 ],
         "start" : [
            2.4625194082765001,
            -1.6697172321607765,
            0.13082662146299251,
            -2.2923877229059526,
            -0.32935249415897183,
            4.0878823387358603,
            -1.0365654277139462,
            -1.4421926910363205,
            -1.7478913831861653,
            0.42781677751512071,
            -1.3432028937273883,
            2.0126228477556038,
            0.30642185502352248,
            -1.5188841227489347,
            -1.3535128124387876,
            0.79106880031556592,
            1.5359277667732414,
            -2.0021208130888253,
            0.24755271467263462,
            -3.187077019173469,
            -1.7480751659861091,
            0.71190744243983506,
            2.0191728580715549,
            -4.9182308813074318
         ],
         "time" : [ 3.0419999999999998, 4.4509999999999996, 0.314, 0.36499999999999999 ]
      },
      {
         "end" : [
            0.22490931367002842,
            -0.83206655380629391,
            -1.7609891518250853,
            -0.78366358622708754,
            1.1736813105481567,
            4.646264466404701,
            -2.5802502640181548,
            -1.024108130932567,
            -0.55787141234374626,
            2.4248894076871546,
            -1.6909110404832084,
            -2.9987072756865132,
            -2.7127446015290753,
            0.053324846586733976,
            -1.7685514873292565,
            -2.6556327391417796,
            -0.35278527099829637,
            5.2083440875928462,
            -2.5457554356840699,
            -2.5240488506561327,
            0.43080764724246112,
            3.0774583761603562,
            1.6817862161918686,
            1.8736641878382549
         ],
         "isValid" : [ 1, 1, 1, 1 ],
         "start" : [
            2.8899515625510981,
            -0.24831795851606486,
            1.7207493804816427,
            0.86896500416860079,
            -0.25045342875089882,
            0.42756851763111925,
            0.39570790131401656,
            -0.9780563481673048,
            0.73515296439021816,
            -1.0654783415442468,
            0.31699798968154136,
            -4.8503122975076796,
            0.36810796776798016,
            -1.9881734915395692,
            -0.08120816029731337,
            1.8693589384579994,
            1.4484462627029613,
            1.2714852775091021,
            0.75708160295764992,
            -2.8084332777587302,
            1.5612051206980504,
            -0.019953636027629784,
            -0.59884857545737824,
            -3.8156651585588666
         ],
         "time" : [
            5.7000000000000002,
            1.9410000000000001,
            0.26100000000000001,
            0.30399999999999999
         ]
      },
      {
         "end" : [
            -2.5357055794543428,
            -2.9050692155702857,
            -0.19192726705761887,
            0.44459122995371914,
            -0.22480061531706497,
            -0.10831551376466741,
            2.5177721813181382,
            -1.137444186401221,
            -1.1984521611890826,
            -2.0543960943392121,
            -1.3559151323723699,
            0.5761115050682406,
            -0.4132557016793994,
            -0.045391493625094093,
            0.31865730873912135,
            1.5547187646991398,
            0.36752434158225045,
            0.87405319268880088,
            -2.4353194830584246,
            -1.4758345084312188,
            -0.10809657696767871,
            2.6923725748804044,
            -0.58055388460449819,
            4.5457953348085995
         ],
         "isValid" : [ 0, 0, 1, 1 ],
         "start" : [
            0.549587262449585,
            -3.0622234394555101,
            -1.2795730514953219,
            -2.4744026978771116,
            -1.9332960970342257,
            -5.2455171124470352,
            1.6033498608108845,
            -1.3537018498418851,
            -1.8449972138174797,
            0.76805390749636526,
            0.027165840285164666,
            -5.4510713158918671,
            -1.0877568083616425,
            -0.92859192629424747,
            0.76588455259957078,
            0.77554762682512379,
            0.95062705555420912,
            0.15117125248512497,
            1.2087431844298928,
            -0.23143566495939005,
            0.29564227423314327,
            -0.99376334403324984,
            -1.6914563441461286,
            -1.7661227165786357
         ],