{
   "agregated" : {
      "expCnt" : 4,
      "nonValidCnt" : 0,
      "validCnt" : 20
   },
   "data" : [
      {
         "end" : [
            0.0052212073639781309,
            -0.21269143149008451,
            1.5021738637337809,
            -2.0755857409899674,
            -1.4761400379131713,
            -6.0987539058300619,
            -0.88046989697767852,
            -1.113490582432449,
            0.76565167416864099,
            0.6852949733857141,
            -0.38314198805701793,
            2.3669972697236945,
            2.0322966903704769,
            -2.7375443635046959,
            0.59617040438933211,
            -2.4803403704671325,
            -1.4953481845232999,
            -0.90428254314202405,
            -1.7834053482345238,
            -0.89071608536939406,
            -1.1547367873166841,
            -2.8250937064683028,
            -0.60078129105391742,
            0.62024873637736455
         ],
         "isValid" : [ 1, 1, 1, 1 ],
         "start" : [
            -0.65612956267170119,
            -0.88426424444689689,
            -0.86846758558762782,
            2.3990619384959286,
            -1.6754549196621449,
            -3.2210163690665761,
            1.3798814218592561,
            0.23088108667414398,
            -0.77723267677208896,
            -3.2162867151451704,
            1.5391284207154872,
            -5.0878326162633956,
            -0.30660596750694591,
            -0.16171208133127291,
            2.0630520783855437,
            1.7127833712399134,
            -0.60443730065769619,
            -4.0648750202165917,
            1.0637889652447257,
            -2.8791473311104148,
            1.0448138464606331,
            1.7817838752622182,
            1.6803730803079895,
            4.5341116801514945
         ],
         "time" : [
            7.3150000000000004,
            8.0700000000000003,
            4.5860000000000003,
            4.6479999999999997
         ]
      },
      {
         "end" : [
            2.4894928791191022,
            -1.6188212156727086,
            2.1205654690081608,
            -0.20105036913087915,
            1.0885820689761765,
            -2.6590292815048628,
            -2.0103411302678853,
            -1.1344426004795638,
            2.1888768029130161,
            -0.35566728579160412,
            -0.0040741632603569222,
            0.71504002399863431,
            -2.4614846998777358,
            -3.2467995844327389,
            0.11032166866583504,
            1.6874849668409029,
            -1.2897852072681348,
            -3.1968860399279939,
            -1.4883740521348054,
            0.48081248610856697,
            1.62243333480767,
            -2.9079730783126614,
            1.9876337268044559,
            3.7150579860213719
         ],
         "isValid" : [ 1, 1, 1, 1 ],
         "start" : [
            1.6143200528679511,
            -0.82722507036965087,
            -0.72777967750534112,
            3.0164464564052027,
            0.7093627931544968,
            1.7137742054352509,
            0.10607378579112403,
            0.37179124573583211,
            1.1625240122590439,
            -2.0975711078481956,
            1.1755700430271334,
            -0.14818608299276903,
            1.3865190405356227,
            -1.1289567345444924,
            1.7617325568056672,
            -2.91388917489361,
            -1.9582901194777178,
            -2.5444886384249203,
            0.068205820456606503,
            -1.1319095773736705,
            -1.4461046915654854,
            0.072597940426642804,
            0.52908469570125893,
            1.0207693165875478
         ],
         "time" : [
            7.4900000000000002,
            7.3579999999999997,
            0.60699999999999998,
            0.65200000000000002
         ]
      },
      {
         "end" : [
            -0.82704995337381515,
            -2.9573301570628789,
            -0.63814955450900301,
            -2.3750386386442166,
            -1.5198230271183877,
            -2.7266633464486985,
            2.5890487975491903,
            -1.3531775612626613,
            1.5802210674079653,
            -1.4664308181351766,
            1.9041898218218303,
            3.1774094666593102,
            -1.5675144251162254,
            -3.258110737903916,
            1.1660404299087559,
            0.72713416279684973,
            1.8794920617311761,
            -5.3452923812284734,
            1.4789674179621164,
            -2.636905128253225,
            0.84087281380867118,
            -0.53093294532164093,
            -0.956353665653215,
            1.2354902259157852
         ],
         "isValid" : [ 1, 1, 1, 1 ],
         "start" : [
            -0.94102648731828031,
            -1.3227588347811292,
            -0.47286257964372624,
            -0.15497335082704211,
            2.0828695604163054,
            5.6557454229984421,
            -2.6136656490523209,
            0.44402952486843983,
            -0.27953933239020423,
            2.8062071296361042,
            -0.47904264573307587,
            -4.4393787402014615,
            -1.6799115592349747,
            -1.0731650902708649,
            1.1260931810440575,
            -2.5437900665080755,
            2.0599801269297697,
            -4.0612831339341433,
            0.9768280920539647,
            -3.0003821606916992,
            -1.2057249475435747,
            -2.439101168520541,
            1.4170465865332127,
            -1.5080004131239564
         ],
         "time" : [
            4.0430000000000001,
            3.8340000000000001,
            0.92900000000000005,
            0.96399999999999997
         ]
      },
      {
         "end" : [
            -2.2025545740149237,
            -2.828859664552196,
            -0.36741034818364393,
            -0.46646927909602143,
            0.089000821469046976,
            0.26183055795488652,
            -0.27796341978957084,
            -1.414587640994188,
            -0.061423291708901484,
            2.78037211260059,
            -0.27791917795585652,
            -2.6883852374096802,
            -0.90016634871688961,
            -2.5286006315538243,
            -0.79653371775330117,
            2.9374085884790953,
            0.98516880262691719,
            0.96313163114597256,
            1.0415502010807636,
            -0.55864073168717265,
            -0.43131753458774047,
            -0.012744025376380197,
            -0.57934782573999044,
            4.5367038334753191
         ],
         "isValid" : [ 1, 1, 1, 1 ],
         "start" : [
            -2.1864051558765887,
            -2.5417386606989729,
            1.6862043445970669,
            -1.1628334743597568,
            -1.6164968194068838,
            -1.2958651089360815,
            -0.25514035243708655,
            -2.8983585364313353,
            1.5293603400314582,
            1.6769395548316313,
            0.83342551974916423,
            0.34680690935380909,
            -0.98481083883327925,
            0.36376546379017105,
            2.1921962862260513,
            2.2260069764016359,
            1.145821104032521,
            -5.8497162653797981,
            -0.51055174907807821,
            -2.6340770032618637,
            -0.6543998988121047,
            -0.62997561975041227,
            -1.4119551520267781,
            -5.7984201172951346
         ],