{
   "agregated" : {
      "expCnt" : 5,
      "nonValidCnt" : 0,
      "validCnt" : 15
   },
   "data" : [
      {
         "end" : [
            -2.834129170443783,
            -1.2149394732815462,
            0.67448808827003237,
            0.49934485612048496,
            -1.0666622477928396,
            -5.9519726926463479
         ],
         "isValid" : [ 1, 1, 1, 1, 1 ],
         "start" : [
            -1.7777968892706824,
            -0.28284494787289916,
            -0.84697795662080511,
            2.1564228826816825,
            -1.492642759535824,
            -3.5496704764765998
         ],
         "time" : [
            0.109,
            0.113,
            0.56399999999999995,
            0.14999999999999999,
            0.16300000000000001
         ]
      },
      {
         "end" : [
            -0.28170614958538032,
            -0.52546723454807731,
            -0.45370770174174324,
            -2.66269600280578,
            -0.10084496456782777,
            -1.2050955437860953
         ],
         "isValid" : [ 1, 1, 1, 1, 1 ],
         "start" : [
            -2.4277853536407488,
            0.42375279184067027,
            -1.4205570317818363,
            -2.6213911346138774,
            0.16129926714204457,
            4.4180776131793591
         ],
         "time" : [
            0.0089999999999999993,
            0.014999999999999999,
            0.078,
            0.049000000000000002,
            0.060999999999999999
         ]
      },
      {
         "end" : [
            -0.28774210608569994,
            -0.61986713432125962,
            2.0046864130013557,
            0.5902023535059242,
            1.0532639727725268,
            -1.3506280621897133
         ],
         "isValid" : [ 1, 1, 1, 1, 1 ],
         "start" : [
            1.5278681638712852,
            -0.28738427417609769,
            2.0266481267313057,
            -0.56566224884652483,
            1.8113829977656004,
            -2.4647086546197317
         ],
         "time" : [
            0.0080000000000000002,
            0.0080000000000000002,
            0.080000000000000002,
            0.050000000000000003,
            0.063
         ]
      }
   ],
   "scene" : "../../../config/murdf/demo_scene2.json"
}
