{
   "agregated" : {
      "expCnt" : 3,
      "nonValidCnt" : 0,
      "validCnt" : 9
   },
   "data" : [
      {
         "end" : [
            1.4706584123005708,
            0.45098985359416899,
            -1.1790049346972293,
            0.56997520134321755,
            0.33983678864996936,
            -3.4401079320010468
         ],
         "isValid" : [ 1, 1, 1 ],
         "start" : [
            2.8656825678045221,
            -1.4368849290493666,
            -0.46197328668011073,
            -0.53528423846163298,
            -1.2850484055430738,
            1.910116599609629
         ],
         "time" : [ 0.11700000000000001, 0.114, 0.73899999999999999 ]
      },
      {
         "end" : [
            -1.9023719030334389,
            -1.7202538645540755,
            0.86221219269303706,
            0.011340845037806968,
            -0.066921971345407449,
            -2.575103557981381
         ],
         "isValid" : [ 1, 1, 1 ],
         "start" : [
            1.3986232232364095,
            -0.64467115351058046,
            1.6000229008731148,
            1.2233836194070173,
            0.88219912422673019,
            3.9716962071279491
         ],
         "time" : [ 0.0060000000000000001, 0.0060000000000000001, 0.115 ]
      },
      {
         "end" : [
            1.2024592116025463,
            -0.72445486565092398,
            2.0439384675518322,
            2.5357116238014692,
            -1.1722635830522881,
            -0.73034133098762588
         ],
         "isValid" : [ 1, 1, 1 ],
         "start" : [
            1.2307937906539319,
            -1.4009614666138104,
            1.5059414795484325,
            -2.929933702675747,
            1.6087011048901343,
            5.3832293077214883
         ],
         "time" : [ 0.0080000000000000002, 0.0080000000000000002, 0.60999999999999999 ]
      }
   ],
   "scene" : "/home/alex/CLionProjects/RobotTrajectory/config/murdf/demo_scene.json"
}
